SET SERVEROUTPUT ON;
DECLARE
NO_PAYMENT EXCEPTION;
BEGIN

INSERT INTO CLIENTES VALUES ('12345678A', 'Juan', 'Pérez Gómez', 'Calle Mayor 10, Madrid', TO_DATE('1985-06-15', 'YYYY-MM-DD'), 612345678, 12345678.1, 'S');
INSERT INTO CLIENTES VALUES ('87654321B', 'Ana', 'López Ruiz', 'Avenida del Sol 24, Sevilla', TO_DATE('1990-09-20', 'YYYY-MM-DD'), 698765432, 87654321.5, 'N');
INSERT INTO CLIENTES VALUES ('11223344C', 'Carlos', 'Martínez Díaz', 'Calle Luna 5, Valencia', TO_DATE('1978-02-28', 'YYYY-MM-DD'), 622334455, 23456789.9, 'S');
INSERT INTO CLIENTES VALUES ('44332211D', 'Laura', 'Fernández Gil', 'Paseo Marítimo 11, Málaga', TO_DATE('1995-12-01', 'YYYY-MM-DD'), 655443322, 56781234.3, 'S');
INSERT INTO CLIENTES VALUES ('55667788E', 'Miguel', 'Santos Pardo', 'Calle Río 3, Bilbao', TO_DATE('1982-03-10', 'YYYY-MM-DD'), 644556677, 34567812.7, 'N');

INSERT INTO VEHICULOS VALUES ('1234ABC', 'Ibiza', 'SEAT', 101, TO_DATE('2024-03-01', 'YYYY-MM-DD'), 90.5, '12345678A', 'S');
INSERT INTO VEHICULOS VALUES ('5678DEF', 'Focus', 'Ford', 202, TO_DATE('2024-03-10', 'YYYY-MM-DD'), 110.0, '87654321B', 'N');
INSERT INTO VEHICULOS VALUES ('9012GHI', 'Civic', 'Honda', 303, TO_DATE('2024-03-15', 'YYYY-MM-DD'), 100.3, '11223344C', 'S');
INSERT INTO VEHICULOS VALUES ('3456JKL', 'Clio', 'Renault', 404, TO_DATE('2024-04-01', 'YYYY-MM-DD'), 85.0, '44332211D', 'N');
INSERT INTO VEHICULOS VALUES ('7890MNO', 'A3', 'Audi', 505, TO_DATE('2024-04-05', 'YYYY-MM-DD'), 120.8, '55667788E', 'S');

INSERT INTO FACTURA VALUES (100001, TO_DATE('2024-04-10', 'YYYY-MM-DD'), TO_DATE('2024-04-15', 'YYYY-MM-DD'), 5.5, '1234ABC', 'S');
INSERT INTO FACTURA VALUES (100002, TO_DATE('2024-04-12', 'YYYY-MM-DD'), TO_DATE('2024-04-17', 'YYYY-MM-DD'), 3.0, '5678DEF', 'S');
INSERT INTO FACTURA VALUES (100003, TO_DATE('2024-04-15', 'YYYY-MM-DD'), NULL, 7.0, '9012GHI', 'N');
INSERT INTO FACTURA VALUES (100004, TO_DATE('2024-04-20', 'YYYY-MM-DD'), TO_DATE('2024-04-22', 'YYYY-MM-DD'), 4.0, '3456JKL', 'S');
INSERT INTO FACTURA VALUES (100005, TO_DATE('2024-04-25', 'YYYY-MM-DD'), NULL, 6.5, '7890MNO', 'N');

INSERT INTO REPUESTOS VALUES ('R0001', 'Filtro de aceite', 30, 5.500, TO_DATE('2024-04-01', 'YYYY-MM-DD'), 'S');
INSERT INTO REPUESTOS VALUES ('R0002', 'Pastillas de freno', 45, 7.000, TO_DATE('2024-04-02', 'YYYY-MM-DD'), 'N');
INSERT INTO REPUESTOS VALUES ('R0003', 'Batería 12V', 80, 12.250, TO_DATE('2024-04-03', 'YYYY-MM-DD'), 'S');
INSERT INTO REPUESTOS VALUES ('R0004', 'Aceite sintético 5W30', 25, 4.750, TO_DATE('2024-04-04', 'YYYY-MM-DD'), 'S');
INSERT INTO REPUESTOS VALUES ('R0005', 'Filtro de aire', 20, 3.800, TO_DATE('2024-04-05', 'YYYY-MM-DD'), 'N');

INSERT INTO DETFACTURA VALUES (100001, 2, 'R0001');
INSERT INTO DETFACTURA VALUES (100002, 1, 'R0002');
INSERT INTO DETFACTURA VALUES (100003, 1, 'R0003');
INSERT INTO DETFACTURA VALUES (100004, 3, 'R0004');
INSERT INTO DETFACTURA VALUES (100005, 2, 'R0005');

Commit;

EXCEPTION 
    WHEN NO_DATA_FOUND THEN 
        DBMS_OUTPUT.PUT_LINE('NO HAY');
    WHEN OTHERS THEN
        DBMS_OUTPUT.PUT_LINE('Error');

END;